**** All Elevator Calls (time,src,dest,state,elev dt) stage 9 ****
Elevator call,4.181791416969872,-7,-4,3,9, Done, dt, 61.81820858303013
Elevator call,9.088234750896163,-8,24,3,6, Done, dt, 364.91176524910384
Elevator call,23.235924121476728,-5,-3,3,9, Done, dt, 53.76407587852327
Elevator call,25.401489874449226,-4,86,3,2, Done, dt, 1030.5985101255508
Elevator call,26.510341549025043,-3,-4,3,7, Done, dt, 2327.489658450975
Elevator call,47.1361150824805,-4,93,3,4, Done, dt, 1085.8638849175195
Elevator call,48.17946317881706,-7,5,3,8, Done, dt, 2536.820536821183
Elevator call,59.41774733953457,-6,16,3,6, Done, dt, 2646.582252660465
Elevator call,59.8832891414022,-1,95,3,1, Done, dt, 1095.1167108585978
Elevator call,61.94089619280976,-3,60,3,8, Done, dt, 708.0591038071902
Elevator call,65.68076513617825,-2,61,3,5, Done, dt, 715.3192348638217
Elevator call,75.72747458099184,-3,78,3,8, Done, dt, 892.2725254190082
Elevator call,80.54056995114593,-1,-2,3,8, Done, dt, 2251.4594300488543
Elevator call,81.83610880045785,-4,71,3,3, Done, dt, 3229.1638911995424
Elevator call,82.2221532378262,-4,84,3,8, Done, dt, 3371.777846762174
Elevator call,82.9367101264711,-4,46,3,6, Done, dt, 2953.063289873529
Elevator call,92.10943365362255,-8,49,3,2, Done, dt, 2976.8905663463775
Elevator call,95.13692146543258,-5,2,3,5, Done, dt, 2456.8630785345676
Elevator call,103.50040131951914,26,49,3,3, Done, dt, 545.4995986804809
Elevator call,121.34340971707047,-5,-1,3,3, Done, dt, 2397.6565902829298
Elevator call,123.80909763203749,-8,-7,3,6, Done, dt, 2329.1909023679627
Elevator call,132.11021714697108,-2,-3,3,7, Done, dt, 2210.889782853029
Elevator call,132.77424796408013,-8,11,3,4, Done, dt, 2518.22575203592
Elevator call,133.09649437009057,-6,-5,3,7, Done, dt, 2341.9035056299094
Elevator call,139.35195885055145,-6,24,3,0, Done, dt, 2654.6480411494485
Elevator call,140.07774477672046,-7,-9,3,9, Done, dt, 2268.9222552232795
Elevator call,158.57731790638832,-2,55,3,8, Done, dt, 2976.422682093612
Elevator call,162.5783865236599,-3,17,3,6, Done, dt, 2554.42161347634
Elevator call,163.91308820296035,50,66,3,9, Done, dt, 672.0869117970396
Elevator call,166.5792335185672,14,-9,3,6, Done, dt, 2242.420766481433
Elevator call,171.13205518139944,-3,96,3,6, Done, dt, 3414.8679448186003
Elevator call,173.23861817569536,-3,93,3,3, Done, dt, 3379.7613818243044
Elevator call,175.25865387749332,80,90,3,8, Done, dt, 924.7413461225067
Elevator call,176.05584441521182,-4,-6,3,6, Done, dt, 2199.944155584788
Elevator call,180.32450295442027,-1,97,3,6, Done, dt, 3416.6754970455795
Elevator call,191.66816507786712,-6,41,3,6, Done, dt, 2789.3318349221327
Elevator call,193.1424188236001,-4,80,3,4, Done, dt, 3216.8575811764
Elevator call,194.5707567899667,-7,55,3,4, Done, dt, 2940.4292432100333
Elevator call,196.8933046032405,0,74,3,9, Done, dt, 3147.1066953967593
Elevator call,199.35338281051418,-5,-7,3,4, Done, dt, 2187.646617189486
Elevator call,202.0588368179283,2,81,3,7, Done, dt, 3218.9411631820717
Elevator call,213.06929338362033,-1,2,3,3, Done, dt, 2338.9307066163797
Elevator call,214.17098735159698,-1,55,3,8, Done, dt, 2920.829012648403
Elevator call,229.62913236711142,20,34,3,4, Done, dt, 254.37086763288858
Elevator call,230.3311762251119,-6,3,3,5, Done, dt, 2332.668823774888
Elevator call,234.18846669070967,-8,63,3,6, Done, dt, 2988.81153330929
Elevator call,236.19603518656163,-1,4,3,3, Done, dt, 2337.803964813438
Elevator call,245.00118178951175,-2,-7,3,6, Done, dt, 2141.998818210488
Elevator call,247.15937656576716,-6,74,3,1, Done, dt, 3096.840623434233
Elevator call,248.1361863827858,0,1,3,7, Done, dt, 2292.863813617214
Elevator call,255.08826677060074,-6,68,3,2, Done, dt, 3022.911733229399
Elevator call,255.68451652489853,-7,7,3,6, Done, dt, 2351.3154834751012
Elevator call,262.0684767119137,-2,-3,3,0, Done, dt, 2080.9315232880863
Elevator call,265.26480430256083,-6,90,3,3, Done, dt, 3254.735195697439
Elevator call,265.7078420957587,-9,49,3,9, Done, dt, 2803.2921579042413
Elevator call,271.17696859816374,0,-7,3,5, Done, dt, 2115.8230314018365
Elevator call,286.67337734089233,-6,-2,3,0, Done, dt, 2221.3266226591077
Elevator call,287.7026182210793,-4,32,3,8, Done, dt, 2594.2973817789207
Elevator call,287.7486588771819,-3,75,3,8, Done, dt, 3067.2513411228183
Elevator call,289.24082415834073,-1,92,3,3, Done, dt, 3252.7591758416593
Elevator call,290.46178777128875,-1,-8,3,9, Done, dt, 2107.538212228711
Elevator call,291.30132332590165,-6,86,3,8, Done, dt, 3184.6986766740984
Elevator call,296.44641065700944,-8,-4,3,2, Done, dt, 2189.5535893429906
Elevator call,299.50385926951026,-6,-5,3,1, Done, dt, 2175.49614073049
Elevator call,302.93773805633555,-8,-3,3,7, Done, dt, 2194.0622619436645
Elevator call,306.65262159801273,-5,98,2,8
Elevator call,309.2553589061131,-6,18,3,6, Done, dt, 2418.744641093887
Elevator call,314.8148905671228,28,50,3,5, Done, dt, 345.1851094328772
Elevator call,319.921273675204,-1,17,3,3, Done, dt, 2397.0787263247958
Elevator call,321.148483898663,-2,-7,3,8, Done, dt, 2065.851516101337
Elevator call,323.5937696949097,0,-5,3,1, Done, dt, 2041.4062303050903
Elevator call,325.864100845175,-7,-6,3,5, Done, dt, 2138.135899154825
Elevator call,326.8172244703037,18,69,3,7, Done, dt, 2962.1827755296963
Elevator call,330.35945579752206,-7,-8,3,3, Done, dt, 2067.640544202478
Elevator call,342.83768345641806,-5,9,3,1, Done, dt, 2286.162316543582
Elevator call,343.0926825829945,62,-2,3,5, Done, dt, 1988.9073174170055
Elevator call,345.53960262869464,-1,0,3,6, Done, dt, 2184.4603973713056
Elevator call,345.8336522440543,0,97,3,5, Done, dt, 3251.166347755946
Elevator call,352.6777742067852,8,-2,3,5, Done, dt, 1979.3222257932148
Elevator call,358.0458119846496,-2,4,3,7, Done, dt, 2215.95418801535
Elevator call,363.40017181747794,-5,-4,3,7, Done, dt, 2122.5998281825223
Elevator call,364.9921415409958,8,51,3,5, Done, dt, 2726.007858459004
Elevator call,365.1533127424707,-7,89,3,0, Done, dt, 3143.846687257529
Elevator call,380.0707448639573,-3,4,3,5, Done, dt, 2193.9292551360427
Elevator call,384.8563211642752,0,29,3,9, Done, dt, 2464.143678835725
Elevator call,390.09615924654486,27,57,3,0, Done, dt, 346.90384075345514
Elevator call,395.45742253599815,-4,26,3,7, Done, dt, 2420.5425774640016
Elevator call,395.73854759820074,-3,78,3,9, Done, dt, 2992.261452401799
Elevator call,396.43490731897555,-4,58,3,4, Done, dt, 2771.5650926810245
Elevator call,411.28077062611897,-4,68,3,8, Done, dt, 2866.719229373881
Elevator call,413.6312135767005,-7,35,3,8, Done, dt, 2501.3687864232998
Elevator call,414.27507274689106,-7,-9,3,3, Done, dt, 1994.724927253109
Elevator call,419.45066909253546,-4,-5,3,3, Done, dt, 1945.5493309074645
Elevator call,428.5102982477317,0,50,3,5, Done, dt, 2651.489701752268
Elevator call,429.0659883391452,-3,-4,3,8, Done, dt, 1924.9340116608548
Elevator call,433.81811051591444,64,-4,3,5, Done, dt, 1920.1818894840856
Elevator call,434.3958314542647,-5,-4,3,6, Done, dt, 2051.6041685457353
Elevator call,440.1727155746237,-7,35,3,2, Done, dt, 2474.827284425376
Elevator call,453.66607097561405,-6,19,3,6, Done, dt, 2285.3339290243857
Elevator call,454.5668277269865,22,39,3,2, Done, dt, 2504.4331722730135
Elevator call,463.0393564689623,-5,39,3,6, Done, dt, 2495.960643531038
Elevator call,469.18477615398206,-3,49,3,2, Done, dt, 2599.815223846018
Elevator call,471.75471110342323,-7,89,3,1, Done, dt, 3037.2452888965768
Elevator call,473.0429549101448,21,63,3,0, Done, dt, 2749.9570450898555
Elevator call,474.3070306977895,-4,-5,3,3, Done, dt, 1890.6929693022105
Elevator call,474.45165142120936,-2,97,3,1, Done, dt, 3122.548348578791
Elevator call,478.91208064371153,-1,17,3,0, Done, dt, 2238.0879193562887
Elevator call,486.59299549223806,-2,0,3,7, Done, dt, 2043.407004507762
Elevator call,492.78010095888385,-4,-9,3,6, Done, dt, 1916.2198990411162
Elevator call,494.49936123784255,-6,0,3,1, Done, dt, 2035.5006387621575
Elevator call,497.2462712854499,-8,-9,3,1, Done, dt, 1911.75372871455
Elevator call,505.73075118422025,-5,22,3,2, Done, dt, 2266.26924881578
Elevator call,518.0674873174714,-2,4,3,9, Done, dt, 2055.932512682529
Elevator call,518.8597307131602,-1,31,3,5, Done, dt, 2352.1402692868396
Elevator call,519.7795508562642,-2,89,3,7, Done, dt, 2989.220449143736
Elevator call,520.6845259397767,0,75,3,6, Done, dt, 2834.315474060223
Elevator call,522.889054075712,40,-6,3,1, Done, dt, 1853.110945924288
Elevator call,526.3233810051688,0,86,3,4, Done, dt, 2949.676618994831
Elevator call,533.5237445680609,-8,-3,3,5, Done, dt, 1963.476255431939
Elevator call,545.005345460256,0,5,3,0, Done, dt, 2039.994654539744
Elevator call,548.3665337616183,-7,-5,3,8, Done, dt, 1926.6334662383817
Elevator call,548.6900304155893,0,56,3,5, Done, dt, 2597.3099695844107
Elevator call,549.1632702255095,-8,77,3,7, Done, dt, 2827.836729774491
Elevator call,553.5609082468886,90,0,3,9, Done, dt, 1756.4390917531114
Elevator call,555.4552072096462,-6,54,3,8, Done, dt, 2568.5447927903538
Elevator call,559.1940814206334,96,-4,3,1, Done, dt, 1794.8059185793666
Elevator call,566.051026142758,-3,14,3,2, Done, dt, 2117.948973857242
Elevator call,572.8436948832027,-3,59,3,1, Done, dt, 2606.1563051167973
Elevator call,574.1047389248945,-9,-5,3,8, Done, dt, 1900.8952610751055
Elevator call,574.3481746217017,-3,32,3,9, Done, dt, 2307.6518253782983
Elevator call,574.3681907472371,-6,36,3,9, Done, dt, 2351.6318092527627
Elevator call,584.0225092481037,-4,23,3,6, Done, dt, 2198.9774907518963
Elevator call,589.3220302157054,-1,0,3,2, Done, dt, 1940.6779697842946
Elevator call,593.4238521989803,-5,43,3,7, Done, dt, 2409.57614780102
Elevator call,595.240301638556,-4,-5,3,6, Done, dt, 1769.759698361444
Elevator call,602.3119125558949,-7,96,3,6, Done, dt, 2983.688087444105
Elevator call,612.6685743284766,40,49,3,2, Done, dt, 2456.3314256715234
Elevator call,615.3214705159708,-4,-1,3,6, Done, dt, 1903.6785294840292
Elevator call,616.5834013066426,13,-4,3,8, Done, dt, 1737.4165986933574
Elevator call,617.2617391996332,30,-4,3,4, Done, dt, 1736.7382608003668
Elevator call,625.6737731707408,-8,71,3,1, Done, dt, 2685.326226829259
Elevator call,645.8408958488867,-4,-5,3,0, Done, dt, 1719.1591041511133
Elevator call,646.3320949034612,-4,85,3,8, Done, dt, 2818.6679050965386
Elevator call,646.8274070936961,-3,71,3,5, Done, dt, 2664.172592906304
Elevator call,651.6616100376652,-9,-10,3,1, Done, dt, 1768.3383899623348
Elevator call,652.3423759040506,-9,-5,3,0, Done, dt, 1822.6576240959494
Elevator call,654.9657471123203,0,-9,3,0, Done, dt, 1754.0342528876797
Elevator call,660.82094918865,-9,-8,3,8, Done, dt, 1781.17905081135
Elevator call,668.0095443645687,91,-9,3,2, Done, dt, 1740.9904556354313
Elevator call,670.053024366634,0,-7,3,2, Done, dt, 1716.946975633366
Elevator call,670.7006556882616,-5,-2,3,5, Done, dt, 1837.2993443117384
Elevator call,671.2986521056093,-2,67,3,8, Done, dt, 2595.701347894391
Elevator call,672.6859669912708,2,17,3,9, Done, dt, 2044.3140330087292
Elevator call,674.3611196645684,-5,78,3,7, Done, dt, 2713.6388803354316
Elevator call,674.9750781625828,0,82,3,0, Done, dt, 2757.0249218374174
Elevator call,680.0040159326797,-6,-7,3,6, Done, dt, 1706.9959840673203
Elevator call,683.9214709330106,-6,43,3,7, Done, dt, 2319.078529066989
Elevator call,685.7899147281221,-4,53,3,0, Done, dt, 2427.2100852718777
Elevator call,685.9465266555999,-5,62,3,5, Done, dt, 2526.0534733444
Elevator call,686.8809676294788,-2,48,3,4, Done, dt, 2371.1190323705214
Elevator call,690.5548998731508,4,90,3,7, Done, dt, 2829.445100126849
Elevator call,694.5321945201167,20,-8,3,8, Done, dt, 1703.4678054798833
Elevator call,704.2817283322047,-4,66,3,3, Done, dt, 2551.7182716677953
Elevator call,704.9255676993887,-9,-1,3,9, Done, dt, 1814.0744323006113
Elevator call,725.0774220554047,-3,-9,3,3, Done, dt, 1683.9225779445953
Elevator call,725.3808385116606,-6,75,3,9, Done, dt, 2629.619161488339
Elevator call,726.501528815714,-2,78,3,1, Done, dt, 2661.4984711842862
Elevator call,728.9204567603763,-9,26,3,3, Done, dt, 2087.0795432396235
Elevator call,738.0653974381796,0,70,3,5, Done, dt, 2561.9346025618206
Elevator call,738.1397752634139,-4,4,3,4, Done, dt, 1835.8602247365861
Elevator call,740.1307920286756,-8,84,3,5, Done, dt, 2713.8692079713246
Elevator call,750.69381806053,0,51,3,0, Done, dt, 2340.3061819394698
Elevator call,751.1946710751711,63,-7,3,5, Done, dt, 1635.805328924829
Elevator call,754.9447179481451,63,-2,3,9, Done, dt, 1577.0552820518549
Elevator call,758.7157373503271,-5,55,3,3, Done, dt, 2376.284262649673
Elevator call,764.4626482566839,85,-6,3,6, Done, dt, 1611.537351743316
Elevator call,766.0673791986399,87,77,3,9, Done, dt, 696.9326208013601
Elevator call,768.3495790611828,-7,44,3,5, Done, dt, 2245.650420938817
Elevator call,771.1416490115539,-6,24,3,9, Done, dt, 2022.858350988446
Elevator call,771.490300327217,-2,23,3,9, Done, dt, 2011.509699672783
Elevator call,780.4436244298488,38,-3,3,1, Done, dt, 1562.5563755701512
Elevator call,782.9467623474108,-2,8,3,2, Done, dt, 1835.0532376525894
Elevator call,783.8184835126996,-6,31,3,8, Done, dt, 2087.1815164873005
Elevator call,784.3560429846532,58,-4,3,8, Done, dt, 1569.6439570153468
Elevator call,784.6461974899277,-2,-8,3,5, Done, dt, 1613.3538025100725
Elevator call,785.7707852436414,-7,17,3,2, Done, dt, 1931.2292147563585
Elevator call,786.4953523719712,-4,23,3,8, Done, dt, 1996.5046476280288
Elevator call,789.0527516354119,-9,90,3,9, Done, dt, 2730.947248364588
Elevator call,791.9329289689284,-6,-4,3,9, Done, dt, 1694.0670710310715
Elevator call,795.3461922336536,-2,-7,3,0, Done, dt, 1591.6538077663463
Elevator call,803.8269297279746,-8,-2,3,1, Done, dt, 1704.1730702720254
Elevator call,806.3304576538751,-2,68,3,7, Done, dt, 2471.669542346125
Elevator call,813.828160408871,-8,-3,3,7, Done, dt, 1683.171839591129
Elevator call,815.1884757787026,-9,22,3,0, Done, dt, 1956.8115242212975
Elevator call,816.295641574233,-3,30,3,1, Done, dt, 2043.7043584257672
Elevator call,819.2341386380958,-5,40,3,1, Done, dt, 2150.765861361904
Elevator call,820.5004117070181,-6,-8,3,2, Done, dt, 1577.499588292982
Elevator call,821.0035424564338,-3,0,3,3, Done, dt, 1708.996457543566
Elevator call,827.1554342836708,-2,33,3,2, Done, dt, 2065.8445657163293
Elevator call,828.4291496803027,-2,52,3,6, Done, dt, 2273.5708503196975
Elevator call,832.276301012376,-6,33,3,5, Done, dt, 2060.7236989876237
Elevator call,839.3692862006214,-9,67,3,4, Done, dt, 2427.6307137993786
Elevator call,842.2040746458388,16,33,3,0, Done, dt, 2050.795925354161
Elevator call,842.2405379274242,-4,10,3,1, Done, dt, 1797.7594620725758
Elevator call,842.3650932299829,-8,44,3,7, Done, dt, 2171.634906770017
Elevator call,845.4214996495956,-9,81,3,0, Done, dt, 2575.5785003504043
Elevator call,846.9077572903503,79,-7,3,4, Done, dt, 1540.0922427096498
Elevator call,848.6894456349697,-4,-1,3,2, Done, dt, 1670.3105543650304
Elevator call,856.0403285603771,-9,15,3,1, Done, dt, 1838.959671439623
Elevator call,863.895923216829,0,55,3,7, Done, dt, 2271.104076783171
Elevator call,864.359295674277,0,76,3,5, Done, dt, 2501.640704325723
Elevator call,866.6989970511988,-6,-2,3,5, Done, dt, 1641.3010029488012
Elevator call,867.2166567003648,0,20,3,1, Done, dt, 1882.7833432996354
Elevator call,872.9847192232742,-1,0,3,2, Done, dt, 1657.0152807767258
Elevator call,873.118315583685,32,-2,3,2, Done, dt, 1458.881684416315
Elevator call,885.5908011724378,39,-6,3,2, Done, dt, 1490.4091988275622
Elevator call,886.7445845636927,-3,55,3,2, Done, dt, 2248.2554154363074
Elevator call,888.0950713576301,0,14,3,1, Done, dt, 1795.90492864237
Elevator call,889.3261485733798,-5,-9,3,8, Done, dt, 1519.6738514266203
Elevator call,889.9477497111027,-5,87,3,9, Done, dt, 2597.052250288897
Elevator call,891.9797376780748,-5,-4,3,3, Done, dt, 1594.0202623219252
Elevator call,902.5104048384331,-6,47,3,0, Done, dt, 2144.4895951615667
Elevator call,909.735555758748,0,42,3,3, Done, dt, 2082.264444241252
Elevator call,912.7398542961308,0,86,3,8, Done, dt, 2563.260145703869
Elevator call,918.4344403131109,36,0,3,2, Done, dt, 1391.5655596868892
Elevator call,922.2746787078116,7,-6,3,0, Done, dt, 1453.7253212921883
Elevator call,922.6406284570894,87,-7,3,5, Done, dt, 1464.3593715429106
Elevator call,924.1034606979406,72,-3,3,8, Done, dt, 1418.8965393020594
Elevator call,930.1398886357268,-9,29,3,4, Done, dt, 1918.860111364273
Elevator call,940.2094486969289,-3,97,3,5, Done, dt, 2656.790551303071
Elevator call,940.2730228839391,24,30,3,0, Done, dt, 1919.7269771160609
Elevator call,954.9932392777995,30,-3,3,7, Done, dt, 1388.0067607222004
Elevator call,958.9509054429163,63,-5,3,6, Done, dt, 1406.0490945570837
Elevator call,963.4262853758344,0,-4,3,7, Done, dt, 1390.5737146241656
Elevator call,969.750266656369,-2,30,3,5, Done, dt, 1890.2497333436309
Elevator call,970.8400671259824,-6,0,3,2, Done, dt, 1559.1599328740176
Elevator call,971.4571037128217,-3,28,3,4, Done, dt, 1866.5428962871783
Elevator call,973.0380805057067,-7,-9,3,6, Done, dt, 1435.9619194942934
Elevator call,974.1521738634532,-1,20,3,9, Done, dt, 1775.8478261365467
Elevator call,974.6240768353061,-5,55,3,9, Done, dt, 2160.3759231646936
Elevator call,974.8492392612048,4,29,3,7, Done, dt, 1874.1507607387953
Elevator call,978.1060190923591,-3,-1,3,1, Done, dt, 1540.893980907641
Elevator call,980.0218721817095,0,89,3,6, Done, dt, 2528.9781278182904
Elevator call,982.9829900844678,65,64,3,1, Done, dt, 623.0170099155322
Elevator call,987.4565812610923,-5,99,2,1
Elevator call,991.8380642194511,-1,94,3,6, Done, dt, 2572.161935780549
Elevator call,1004.5840937418457,-3,-4,3,3, Done, dt, 1349.4159062581543
Elevator call,1006.644668280045,0,-2,3,4, Done, dt, 1325.3553317199548
Elevator call,1007.3764517652253,-4,34,3,8, Done, dt, 1896.6235482347747
Elevator call,1010.2787265123015,27,-8,3,8, Done, dt, 1387.7212734876985
Elevator call,1012.0694341543701,26,60,3,6, Done, dt, 2177.9305658456296
Elevator call,1015.4481219926282,27,64,3,5, Done, dt, 2218.5518780073717
Elevator call,1015.6514805206564,-9,8,3,8, Done, dt, 1602.3485194793436
Elevator call,1016.6392689028651,16,0,3,1, Done, dt, 1293.360731097135
Elevator call,1018.7646483953819,-4,39,3,3, Done, dt, 1940.2353516046182
Elevator call,1027.3156228747575,45,81,3,0, Done, dt, 2393.6843771252425
Elevator call,1028.1439725817431,-9,59,3,6, Done, dt, 2150.856027418257
Elevator call,1030.8777840426587,0,88,3,7, Done, dt, 2467.1222159573413
Elevator call,1035.635794733466,6,67,3,5, Done, dt, 2231.364205266534
Elevator call,1038.0386793004955,-4,62,3,7, Done, dt, 2173.9613206995045
Elevator call,1038.6819925044956,-9,47,3,9, Done, dt, 2008.3180074955044
Elevator call,1042.3053763174883,-3,13,3,6, Done, dt, 1630.6946236825117
Elevator call,1042.6373575638618,-3,89,3,7, Done, dt, 2466.3626424361382
Elevator call,1043.574103046873,76,-4,3,7, Done, dt, 1310.425896953127
Elevator call,1044.0177868397086,-6,0,3,7, Done, dt, 1485.9822131602914
Elevator call,1046.6322545309663,67,74,3,5, Done, dt, 2297.3677454690337
Elevator call,1053.848650109099,-5,25,3,2, Done, dt, 1751.151349890901
Elevator call,1057.4188522281975,-5,67,3,9, Done, dt, 2209.5811477718025
Elevator call,1059.5361171319416,-2,56,3,3, Done, dt, 2086.463882868058
Elevator call,1059.7857512311089,16,0,3,7, Done, dt, 1250.2142487688911
Elevator call,1059.8037666133275,-4,3,3,8, Done, dt, 1503.1962333866725
Elevator call,1062.518091595676,64,-6,3,3, Done, dt, 1313.481908404324
Elevator call,1069.5595427334245,7,85,3,5, Done, dt, 2395.4404572665753
Elevator call,1071.377467635915,-9,-1,3,7, Done, dt, 1447.622532364085
Elevator call,1071.6887447678382,-8,18,3,6, Done, dt, 1656.3112552321618
Elevator call,1073.5645592943752,-5,82,3,4, Done, dt, 2358.435440705625
Elevator call,1074.0805898827575,-9,-1,3,8, Done, dt, 1444.9194101172425
Elevator call,1076.3729006352546,-9,94,3,5, Done, dt, 2487.6270993647454
Elevator call,1077.2097449757084,-1,5,3,9, Done, dt, 1507.7902550242916
Elevator call,1078.8042136153877,-7,68,3,4, Done, dt, 2199.1957863846123
Elevator call,1081.6127537979828,-3,63,3,4, Done, dt, 2141.387246202017
Elevator call,1081.7301636082698,-9,33,3,4, Done, dt, 1811.2698363917302
Elevator call,1082.3864040054536,-7,-3,3,1, Done, dt, 1414.6135959945464
Elevator call,1089.3149239502677,-1,49,3,9, Done, dt, 1979.6850760497323
Elevator call,1089.7957601221347,-5,18,3,9, Done, dt, 1638.2042398778653
Elevator call,1091.2194687687856,-3,0,3,3, Done, dt, 1438.7805312312144
Elevator call,1095.1815471760412,-2,15,3,1, Done, dt, 1599.8184528239588
Elevator call,1096.0999823021803,-5,98,2,5
Elevator call,1096.6054894566926,-8,14,3,2, Done, dt, 1587.3945105433074
Elevator call,1100.9817318383548,0,-1,3,8, Done, dt, 1220.0182681616452
Elevator call,1110.9363220869398,-6,75,3,4, Done, dt, 2244.06367791306
Elevator call,1114.1653055169322,-1,71,3,8, Done, dt, 2196.834694483068
Elevator call,1115.2165025504728,-4,58,3,5, Done, dt, 2052.783497449527
Elevator call,1119.783579622445,53,99,2,6
Elevator call,1121.0769400235208,-5,71,3,5, Done, dt, 2189.923059976479
Elevator call,1122.868718892777,32,-4,3,6, Done, dt, 1231.131281107223
Elevator call,1124.9912322090395,63,-7,3,0, Done, dt, 1262.0087677909605
Elevator call,1128.5852622096318,46,75,3,6, Done, dt, 2226.4147377903682
Elevator call,1131.0698906210787,0,-3,3,7, Done, dt, 1211.9301093789213
Elevator call,1134.8574987720767,5,18,3,8, Done, dt, 1593.1425012279233
Elevator call,1137.2864140890024,-7,41,3,8, Done, dt, 1843.7135859109976
Elevator call,1139.157777509387,16,0,3,5, Done, dt, 1170.842222490613
Elevator call,1140.3723948727877,35,53,3,9, Done, dt, 1972.6276051272123
Elevator call,1144.1632396969096,-4,4,3,6, Done, dt, 1429.8367603030904
Elevator call,1150.2448648202667,-2,-5,3,3, Done, dt, 1214.7551351797333
Elevator call,1152.2385698563921,-1,41,3,5, Done, dt, 1828.7614301436079
Elevator call,1152.2388987256822,100,-6,3,6, Done, dt, 1223.7611012743178
Elevator call,1155.3440631322128,-7,87,3,7, Done, dt, 2331.655936867787
Elevator call,1157.272031886082,18,-4,3,6, Done, dt, 1196.727968113918
Elevator call,1162.3930140610696,36,-9,3,6, Done, dt, 1246.6069859389304
Elevator call,1164.5670072287041,4,0,3,1, Done, dt, 1145.4329927712959
Elevator call,1167.6061698271772,16,75,3,5, Done, dt, 2187.393830172823
Elevator call,1171.8952195932939,70,-5,3,6, Done, dt, 1193.1047804067061
Elevator call,1172.8286726384108,45,-3,3,2, Done, dt, 1170.1713273615892
Elevator call,1173.5958205858167,-6,69,3,3, Done, dt, 2115.404179414183
Elevator call,1179.7031704957944,62,12,3,0, Done, dt, 998.2968295042056
Elevator call,1179.7417726184294,30,-3,3,4, Done, dt, 1163.2582273815706
Elevator call,1181.5838794642152,-2,13,3,4, Done, dt, 1491.4161205357848
Elevator call,1181.9436040070755,53,-8,3,6, Done, dt, 1216.0563959929245
Elevator call,1182.2547530062716,91,-4,3,2, Done, dt, 1171.7452469937284
Elevator call,1184.5011582392087,92,-5,3,5, Done, dt, 1180.4988417607913
Elevator call,1189.3866649624872,-2,-7,3,5, Done, dt, 1197.6133350375128
Elevator call,1195.063846203905,-2,0,3,4, Done, dt, 1334.936153796095
Elevator call,1197.1043515847557,-5,38,3,4, Done, dt, 1750.8956484152443
Elevator call,1199.2797461581047,-4,99,2,9
Elevator call,1201.7684039334035,-8,57,3,8, Done, dt, 1955.2315960665965
Elevator call,1202.3389805669212,37,-7,3,1, Done, dt, 1184.6610194330788
Elevator call,1202.357388514136,-5,-8,3,1, Done, dt, 1195.642611485864
Elevator call,1207.7173723092817,86,0,3,3, Done, dt, 1102.2826276907183
Elevator call,1210.9847162664726,-2,73,3,8, Done, dt, 2122.015283733527
Elevator call,1226.106720716349,-7,78,3,3, Done, dt, 2161.8932792836513
Elevator call,1227.8791639617948,-6,30,3,7, Done, dt, 1632.1208360382052
Elevator call,1227.9165748808487,-2,89,3,8, Done, dt, 2281.0834251191513
Elevator call,1228.0073010483588,0,2,3,3, Done, dt, 1323.9926989516412
Elevator call,1237.1616034890228,-9,94,3,4, Done, dt, 2326.838396510977
Elevator call,1243.533292674591,21,39,3,1, Done, dt, 1715.466707325409
Elevator call,1245.8470224499943,25,-8,3,4, Done, dt, 1152.1529775500057
Elevator call,1246.1319363899163,92,-1,3,9, Done, dt, 1074.8680636100837
Elevator call,1257.2938563066655,58,-7,3,2, Done, dt, 1129.7061436933345
Elevator call,1257.3063176349929,85,70,3,6, Done, dt, 282.69368236500713
Elevator call,1260.6741416608286,-3,32,3,4, Done, dt, 1621.3258583391714
Elevator call,1265.569939124297,-9,49,3,5, Done, dt, 1803.430060875703
Elevator call,1269.100212463696,-3,-1,3,9, Done, dt, 1249.899787536304
Elevator call,1269.8106227345797,-2,-5,3,9, Done, dt, 1095.1893772654203
Elevator call,1270.233793922887,-9,96,3,8, Done, dt, 2315.766206077113
Elevator call,1273.6174856380183,87,-1,3,8, Done, dt, 1047.3825143619817
Elevator call,1274.2344169028456,-9,-7,3,4, Done, dt, 1178.7655830971544
Elevator call,1276.0353264494493,67,17,3,5, Done, dt, 846.9646735505507
Elevator call,1277.9473711653004,-1,-9,3,5, Done, dt, 1131.0526288346996
Elevator call,1282.4864310719745,53,0,3,0, Done, dt, 1027.5135689280255
Elevator call,1284.8531531537924,-3,19,3,4, Done, dt, 1454.1468468462076
Elevator call,1291.067587937397,6,5,3,0, Done, dt, 963.9324120626029
Elevator call,1293.8593848060195,67,-4,3,6, Done, dt, 1060.1406151939805
Elevator call,1299.440972395142,-6,33,3,6, Done, dt, 1593.559027604858
Elevator call,1303.5769334632205,-7,20,3,5, Done, dt, 1446.4230665367795
Elevator call,1322.5239036192277,-5,49,3,5, Done, dt, 1746.4760963807723
Elevator call,1322.5840807324116,-2,20,3,6, Done, dt, 1427.4159192675884
Elevator call,1326.6571399140971,25,-6,3,8, Done, dt, 1049.3428600859029
Elevator call,1327.5561037741038,-9,79,3,8, Done, dt, 2071.4438962258964
Elevator call,1329.8156930342177,-5,85,3,0, Done, dt, 2135.1843069657825
Elevator call,1332.596388048453,45,-9,3,7, Done, dt, 1076.403611951547
Elevator call,1333.0088756884447,47,-7,3,0, Done, dt, 1053.9911243115553
Elevator call,1333.0269777843728,-1,0,3,4, Done, dt, 1196.9730222156272
Elevator call,1333.664649857529,-2,3,3,1, Done, dt, 1229.335350142471
Elevator call,1334.0039813487767,-6,-8,3,8, Done, dt, 1063.9960186512233
Elevator call,1339.845746335975,-4,-7,3,5, Done, dt, 1047.154253664025
Elevator call,1347.0012098813622,95,-5,2,1
Elevator call,1351.0479231764434,-2,-5,3,2, Done, dt, 1013.9520768235566
Elevator call,1356.7972028514087,-7,2,3,2, Done, dt, 1195.2027971485913
Elevator call,1357.7467244417342,-9,78,3,4, Done, dt, 2030.2532755582658
Elevator call,1358.609305003746,47,-2,3,7, Done, dt, 973.3906949962541
Elevator call,1360.1772447380552,-8,33,3,9, Done, dt, 1532.8227552619448
Elevator call,1360.6968257122016,-6,66,3,7, Done, dt, 1895.3031742877984
Elevator call,1361.1705754529962,-9,93,3,0, Done, dt, 2191.829424547004
Elevator call,1362.4367037255256,-9,25,3,4, Done, dt, 1442.5632962744744
Elevator call,1363.0015854252174,25,-9,3,6, Done, dt, 1045.9984145747826
Elevator call,1364.7292476399884,28,0,3,3, Done, dt, 945.2707523600116
Elevator call,1364.8524178539801,18,-8,3,7, Done, dt, 1033.1475821460199
Elevator call,1377.8596856448899,-4,-1,3,0, Done, dt, 1141.1403143551101
Elevator call,1379.2095768318104,45,-8,3,8, Done, dt, 1018.7904231681896
Elevator call,1379.8342980787634,83,29,3,7, Done, dt, 611.1657019212366
Elevator call,1380.252063577014,95,7,2,3
Elevator call,1380.399220298863,11,-7,3,6, Done, dt, 1006.6007797011371
Elevator call,1381.02043983314,-3,-6,3,2, Done, dt, 994.97956016686
Elevator call,1388.3037661954015,-8,-3,3,2, Done, dt, 1108.6962338045985
Elevator call,1388.449849314929,0,-2,3,4, Done, dt, 943.550150685071
Elevator call,1388.939312796634,-3,-9,3,7, Done, dt, 1020.0606872033659
Elevator call,1389.8671805783558,52,-8,3,7, Done, dt, 1008.1328194216442
Elevator call,1395.8655017952324,-3,72,3,2, Done, dt, 1926.1344982047676
Elevator call,1396.0880694147231,-6,5,3,1, Done, dt, 1188.9119305852769
Elevator call,1398.1792205459647,24,-2,3,1, Done, dt, 933.8207794540353
Elevator call,1404.1631308694562,57,-7,3,3, Done, dt, 982.8368691305438
Elevator call,1404.4043289640715,76,21,3,4, Done, dt, 674.5956710359285
Elevator call,1406.8606643811554,89,-1,2,9
Elevator call,1409.2671862619309,54,98,2,7
Elevator call,1409.5266979167493,99,-7,1,2
Elevator call,1413.5149550818837,-9,-3,3,1, Done, dt, 1083.4850449181163
Elevator call,1422.8397493168122,-9,-5,3,2, Done, dt, 1052.1602506831878
Elevator call,1434.5403898186416,61,99,2,2
Elevator call,1434.7024181961738,3,-3,3,9, Done, dt, 908.2975818038262
Elevator call,1439.543220183873,72,95,3,7, Done, dt, 2135.456779816127
Elevator call,1446.8001777298787,-5,94,3,4, Done, dt, 2117.1998222701213
Elevator call,1449.8546239838606,-2,95,3,3, Done, dt, 2125.1453760161394
Elevator call,1454.7750462562867,-7,-1,3,7, Done, dt, 1064.2249537437133
Elevator call,1461.6287793163938,-8,76,3,2, Done, dt, 1904.3712206836062
Elevator call,1461.8547776876194,44,0,3,1, Done, dt, 848.1452223123806
Elevator call,1463.9346770863779,-8,-1,3,9, Done, dt, 1055.0653229136221
Elevator call,1466.8601466168643,45,86,3,0, Done, dt, 2009.1398533831357
Elevator call,1468.221513658522,-5,-7,3,7, Done, dt, 918.7784863414779
Elevator call,1471.3729134768964,-7,-2,3,5, Done, dt, 1036.6270865231036
Elevator call,1472.8937442123322,-2,-7,3,1, Done, dt, 914.1062557876678
Elevator call,1475.6134286752601,-5,-8,3,7, Done, dt, 922.3865713247399
Elevator call,1476.8041757634246,-7,54,3,6, Done, dt, 1647.1958242365754
Elevator call,1477.2033213825212,-1,58,3,2, Done, dt, 1690.7966786174788
Elevator call,1478.3240077461994,3,-3,3,5, Done, dt, 864.6759922538006
Elevator call,1481.99182729632,-1,74,3,2, Done, dt, 1862.00817270368
Elevator call,1485.1823064146722,-5,12,3,5, Done, dt, 1176.8176935853278
Elevator call,1509.7205247105835,41,-1,3,2, Done, dt, 811.2794752894165
Elevator call,1512.7947139112678,-6,68,3,5, Done, dt, 1765.2052860887322
Elevator call,1517.4637911993823,-7,0,3,8, Done, dt, 1012.5362088006177
Elevator call,1523.450100764459,42,-8,3,9, Done, dt, 874.549899235541
Elevator call,1523.7700748161872,-4,57,3,4, Done, dt, 1633.2299251838128
Elevator call,1530.7220893107267,13,22,3,0, Done, dt, 1241.2779106892733
Elevator call,1533.6776641363724,-8,33,3,6, Done, dt, 1359.3223358636276
Elevator call,1538.697385631926,23,-7,3,7, Done, dt, 848.302614368074
Elevator call,1545.9110567379487,-3,40,3,4, Done, dt, 1424.0889432620513
Elevator call,1556.255028612829,-9,14,3,4, Done, dt, 1127.744971387171
Elevator call,1557.7614471655359,-3,26,3,2, Done, dt, 1258.2385528344641
Elevator call,1559.2090536092978,70,29,2,9
Elevator call,1563.3358419767926,90,-5,2,7
Elevator call,1567.7851367165688,-2,0,3,6, Done, dt, 962.2148632834312
Elevator call,1569.1203877442772,-2,74,3,7, Done, dt, 1774.8796122557228
Elevator call,1570.3190386956924,55,-3,3,4, Done, dt, 772.6809613043076
Elevator call,1571.448043527401,-7,33,3,9, Done, dt, 1321.551956472599
Elevator call,1576.5539010621908,-1,67,3,5, Done, dt, 1690.4460989378092
Elevator call,1592.4723434992618,-1,9,3,8, Done, dt, 1036.5276565007382
Elevator call,1594.366927230598,-5,74,3,2, Done, dt, 1749.633072769402
Elevator call,1604.5237450895515,-7,-6,3,9, Done, dt, 859.4762549104485
Elevator call,1608.830049211409,45,-3,3,7, Done, dt, 734.169950788591
Elevator call,1611.5326937131067,-4,-5,3,2, Done, dt, 753.4673062868933
Elevator call,1612.6710646771473,-1,-6,3,5, Done, dt, 763.3289353228527
Elevator call,1618.9227873408354,25,-6,3,5, Done, dt, 757.0772126591646
Elevator call,1620.161177603679,38,-2,3,1, Done, dt, 711.8388223963209
Elevator call,1620.6340102486652,-2,30,3,6, Done, dt, 1239.3659897513348
Elevator call,1624.301981574941,0,-5,3,5, Done, dt, 740.698018425059
Elevator call,1637.1887199150708,-9,87,3,6, Done, dt, 1849.8112800849292
Elevator call,1640.2847754493555,-6,78,3,4, Done, dt, 1747.7152245506445
Elevator call,1642.7981837108505,-6,37,3,3, Done, dt, 1294.2018162891495
Elevator call,1644.8260787504978,-7,33,3,1, Done, dt, 1248.1739212495022
Elevator call,1651.9890978222527,-5,66,3,3, Done, dt, 1604.0109021777473
Elevator call,1652.4026552153646,56,0,3,9, Done, dt, 657.5973447846354
Elevator call,1656.4130405485112,-9,-6,3,3, Done, dt, 807.5869594514888
Elevator call,1657.5391014290974,4,-7,3,4, Done, dt, 729.4608985709026
Elevator call,1657.9367952414252,44,-1,3,0, Done, dt, 663.0632047585748
Elevator call,1660.5237771668446,25,-1,3,9, Done, dt, 660.4762228331554
Elevator call,1662.4631674593932,40,-3,3,2, Done, dt, 680.5368325406068
Elevator call,1663.4487979402438,-2,31,3,2, Done, dt, 1207.5512020597562
Elevator call,1666.9799255652365,-7,-3,3,8, Done, dt, 830.0200744347635
Elevator call,1674.9433125804328,-8,80,3,0, Done, dt, 1735.0566874195672
Elevator call,1675.7905955650967,-9,50,3,6, Done, dt, 1404.2094044349033
Elevator call,1677.6107961212506,-9,71,3,5, Done, dt, 1633.3892038787494
Elevator call,1677.9540287116627,-6,25,3,7, Done, dt, 1127.0459712883373
Elevator call,1678.8684793977075,77,-2,2,6
Elevator call,1681.804491862201,-5,-2,3,5, Done, dt, 826.1955081377989
Elevator call,1688.215626276046,69,-2,2,9
Elevator call,1688.5251860038957,-3,82,3,3, Done, dt, 1743.4748139961043
Elevator call,1692.7681369465865,23,-8,3,2, Done, dt, 705.2318630534135
Elevator call,1698.93046971912,33,-8,3,2, Done, dt, 699.0695302808799
Elevator call,1700.017068443354,75,-1,2,9
Elevator call,1703.126420887719,-5,86,3,9, Done, dt, 1772.873579112281
Elevator call,1703.1869619386653,9,-8,3,5, Done, dt, 694.8130380613347
Elevator call,1704.253292357225,-5,-1,3,4, Done, dt, 814.7467076427749
Elevator call,1707.7472129658552,88,24,2,3
Elevator call,1707.9000231820098,-9,92,3,6, Done, dt, 1834.0999768179902
Elevator call,1711.9814837302506,-2,-9,3,5, Done, dt, 697.0185162697494
Elevator call,1712.7011439598464,-4,55,3,8, Done, dt, 1422.2988560401536
Elevator call,1713.5372931690201,-9,92,3,4, Done, dt, 1828.4627068309799
Elevator call,1721.549105181423,-2,71,3,4, Done, dt, 1589.450894818577
Elevator call,1722.3279917765997,-1,44,3,6, Done, dt, 1291.6720082234003
Elevator call,1722.5037542043935,-6,19,3,8, Done, dt, 1016.4962457956065
Elevator call,1732.0358797718554,-8,3,3,3, Done, dt, 830.9641202281446
Elevator call,1732.6012329724224,41,-1,3,2, Done, dt, 588.3987670275776
Elevator call,1735.7893560338396,-4,13,3,6, Done, dt, 937.2106439661604
Elevator call,1735.7992048601375,-9,-7,3,7, Done, dt, 717.2007951398625
Elevator call,1735.9921010631572,-2,-6,3,8, Done, dt, 640.0078989368428
Elevator call,1745.5832375090006,0,-1,3,8, Done, dt, 575.4167624909994
Elevator call,1747.4369468836471,81,67,2,3
Elevator call,1747.7250635780247,14,-4,3,0, Done, dt, 606.2749364219753
Elevator call,1754.5256993237888,82,2,2,9
Elevator call,1764.682180232652,-3,-1,3,2, Done, dt, 754.317819767348
Elevator call,1767.3110885557594,-1,34,3,2, Done, dt, 1136.6889114442406
Elevator call,1767.3257226605122,55,0,2,7
Elevator call,1767.4902177176293,-7,-6,3,1, Done, dt, 696.5097822823707
Elevator call,1772.2341603555174,-9,34,3,6, Done, dt, 1131.7658396444826
Elevator call,1773.282118556532,0,-6,3,0, Done, dt, 602.7178814434681
Elevator call,1775.1559439802877,58,-5,2,2
Elevator call,1776.0288504331288,-5,7,3,2, Done, dt, 830.9711495668712
Elevator call,1776.2505261565082,1,-6,3,5, Done, dt, 599.7494738434918
Elevator call,1778.697945421201,-3,-5,3,2, Done, dt, 586.302054578799
Elevator call,1782.1419780980607,-7,14,3,5, Done, dt, 901.8580219019393
Elevator call,1782.7430785883798,55,-3,2,0
Elevator call,1784.367607382197,-5,75,3,2, Done, dt, 1570.632392617803
Elevator call,1785.6167097020075,-6,92,3,2, Done, dt, 1756.3832902979925
Elevator call,1786.5041962635726,-5,38,3,0, Done, dt, 1161.4958037364274
Elevator call,1787.1269048488048,-4,95,3,7, Done, dt, 1787.8730951511952
Elevator call,1787.7055433645587,-9,0,3,3, Done, dt, 742.2944566354413
Elevator call,1789.2363914618957,79,-5,2,5
Elevator call,1792.152618600526,95,-2,2,3
Elevator call,1799.084668129456,72,-3,2,1
Elevator call,1799.5039315952577,0,-2,3,8, Done, dt, 532.4960684047423
Elevator call,1806.1626997315673,-1,-4,3,5, Done, dt, 547.8373002684327
Elevator call,1806.2254790499496,42,-1,3,6, Done, dt, 514.7745209500504
Elevator call,1809.5085775752857,0,-3,3,1, Done, dt, 533.4914224247143
Elevator call,1810.7478638161176,-3,50,3,7, Done, dt, 1269.2521361838824
Elevator call,1811.8200563542605,86,-8,2,7
Elevator call,1811.8428674789004,58,45,2,4
Elevator call,1812.693302373054,66,-8,2,0
Elevator call,1816.0785780177196,-7,96,3,9, Done, dt, 1769.9214219822804
Elevator call,1816.8409247548373,15,-8,3,0, Done, dt, 581.1590752451627
Elevator call,1817.194674890179,-5,13,3,8, Done, dt, 855.8053251098211
Elevator call,1830.6905477549308,-1,49,3,2, Done, dt, 1238.3094522450692
Elevator call,1837.2490990315985,72,3,2,3
Elevator call,1842.9631269290735,0,-2,3,7, Done, dt, 489.0368730709265
Elevator call,1845.7792709127632,-1,24,3,2, Done, dt, 948.2207290872368
Elevator call,1850.100587451799,43,-9,2,2
Elevator call,1850.5070141145432,-6,24,3,2, Done, dt, 943.4929858854568
Elevator call,1854.0600873642377,-8,67,3,2, Done, dt, 1412.9399126357623
Elevator call,1854.2040524982845,-9,99,2,6
Elevator call,1855.0674009369372,0,40,3,9, Done, dt, 1114.9325990630628
Elevator call,1857.2369181318377,56,0,2,1
Elevator call,1858.0228498822491,0,-4,3,1, Done, dt, 495.97715011775085
Elevator call,1861.0663328543403,-3,29,3,6, Done, dt, 987.9336671456597
Elevator call,1862.0130818444516,16,-6,3,9, Done, dt, 513.9869181555484
Elevator call,1864.535694129499,-8,57,3,7, Done, dt, 1292.464305870501
Elevator call,1866.866891981263,0,19,3,2, Done, dt, 872.133108018737
Elevator call,1867.6190695655823,-9,-1,3,4, Done, dt, 651.3809304344177
Elevator call,1868.73804605173,15,-2,3,2, Done, dt, 463.26195394827005
Elevator call,1870.6212924546353,-8,45,3,3, Done, dt, 1154.3787075453647
Elevator call,1872.4957488050172,57,14,2,4
Elevator call,1895.1604864169371,64,0,2,5
Elevator call,1895.4698869931,-8,6,3,1, Done, dt, 700.5301130068999
Elevator call,1895.8488918401654,97,-1,2,0
Elevator call,1897.324820087611,28,-6,3,6, Done, dt, 478.675179912389
Elevator call,1913.8988110061612,48,-6,2,6
Elevator call,1914.121827913519,59,-8,2,5
Elevator call,1922.2741541787695,-7,6,3,4, Done, dt, 673.7258458212305
Elevator call,1923.9326020786862,0,-9,3,1, Done, dt, 485.06739792131384
Elevator call,1925.171660474897,-7,0,3,1, Done, dt, 604.828339525103
Elevator call,1927.3868796886015,64,-2,2,1
Elevator call,1932.5366433667266,70,-5,2,0
Elevator call,1939.8587104226544,-9,-8,3,5, Done, dt, 502.14128957734556
Elevator call,1940.1566188031818,35,-3,2,7
Elevator call,1940.2708443414872,100,0,1,7
Elevator call,1941.7714126505448,84,-2,2,6
Elevator call,1942.3371114950326,0,-1,3,6, Done, dt, 378.66288850496744
Elevator call,1945.755915172734,41,-1,2,4
Elevator call,1947.6481865726096,-4,-7,3,3, Done, dt, 439.3518134273904
Elevator call,1953.468662353583,-5,98,2,9
Elevator call,1956.3390120172116,-2,-4,3,8, Done, dt, 397.66098798278836
Elevator call,1956.5371918319986,0,43,3,1, Done, dt, 1046.4628081680014
Elevator call,1958.6967580259707,0,-7,3,1, Done, dt, 428.30324197402933
Elevator call,1959.6254504229998,59,-3,2,0
Elevator call,1959.7317708065573,90,-4,2,2
Elevator call,1960.5399223377026,71,-7,2,8
Elevator call,1961.6885315427262,-8,14,3,3, Done, dt, 722.3114684572738
Elevator call,1961.9800198893574,-1,30,3,9, Done, dt, 898.0199801106426
Elevator call,1962.5138577121352,-6,-1,3,0, Done, dt, 556.4861422878648
Elevator call,1964.2062818930276,-1,60,3,6, Done, dt, 1225.7937181069724
Elevator call,1965.986866777626,35,-9,2,2
Elevator call,1968.4024200626106,-9,20,3,8, Done, dt, 781.5975799373894
Elevator call,1972.4146692522254,60,-6,2,0
Elevator call,1981.6877606296787,-8,15,3,3, Done, dt, 713.3122393703213
Elevator call,1983.896634825011,-3,97,3,6, Done, dt, 1613.103365174989
Elevator call,1984.488252364766,71,-7,2,4
Elevator call,1984.5648735490286,91,-2,2,8
Elevator call,1991.1145870139378,1,-1,3,2, Done, dt, 329.8854129860622
Elevator call,1992.3412467215007,58,0,2,8
Elevator call,1992.697637170722,-5,0,3,2, Done, dt, 537.3023628292781
Elevator call,1992.9462899250925,-5,0,3,6, Done, dt, 537.0537100749075
Elevator call,1992.9880643723927,22,66,3,6, Done, dt, 1263.0119356276073
Elevator call,1996.930464965528,8,-7,3,6, Done, dt, 390.069535034472
Elevator call,1998.8243011090783,73,-7,2,7
Elevator call,2001.6649139956205,-8,27,3,1, Done, dt, 825.3350860043795
Elevator call,2004.2379517466657,35,-5,2,6
Elevator call,2005.179930857387,96,21,2,2
Elevator call,2008.9215388654925,-1,-6,3,8, Done, dt, 367.0784611345075
Elevator call,2013.481514317456,83,-2,2,1
Elevator call,2030.4766312019485,80,-6,2,0
Elevator call,2034.337358664156,1,-2,3,9, Done, dt, 297.662641335844
Elevator call,2035.4561876703601,-1,48,3,3, Done, dt, 1022.5438123296399
Elevator call,2038.10272182291,0,-5,3,6, Done, dt, 326.8972781770899
Elevator call,2039.0910398377735,-9,21,3,8, Done, dt, 721.9089601622265
Elevator call,2041.3493939022599,-5,-2,3,9, Done, dt, 466.65060609774014
Elevator call,2041.7577709941104,97,-3,2,3
Elevator call,2043.312681663609,96,-1,2,9
Elevator call,2048.2902593440613,-6,-3,3,4, Done, dt, 448.70974065593873
Elevator call,2051.249225893085,42,0,2,5
Elevator call,2063.1410723154004,16,-4,3,7, Done, dt, 290.8589276845996
Elevator call,2064.927341487103,54,68,3,0, Done, dt, 1213.0726585128969
Elevator call,2070.4931975268014,-9,29,3,7, Done, dt, 778.5068024731986
Elevator call,2073.297338711177,100,-3,1,6
Elevator call,2074.1034986093396,73,-2,2,6
Elevator call,2074.3928805214855,-4,0,3,4, Done, dt, 455.6071194785145
Elevator call,2077.820550173814,-9,-6,3,6, Done, dt, 386.1794498261861
Elevator call,2079.9906278203866,-5,18,3,2, Done, dt, 648.0093721796134
Elevator call,2083.0307935566566,67,36,2,1
Elevator call,2090.9248776489753,-7,-2,3,7, Done, dt, 417.0751223510247
Elevator call,2090.9264113542085,69,97,3,5, Done, dt, 1506.0735886457915
Elevator call,2091.053498112548,-4,71,3,2, Done, dt, 1219.946501887452
Elevator call,2091.961094690263,69,-5,2,5
Elevator call,2102.368293589262,-7,68,3,3, Done, dt, 1175.631706410738
Elevator call,2102.7866477697917,42,-7,2,9
Elevator call,2118.6588872855823,-6,-8,3,8, Done, dt, 279.3411127144177
Elevator call,2118.723455217277,-3,73,3,4, Done, dt, 1214.2765447827228
Elevator call,2118.926976420136,-6,10,3,2, Done, dt, 521.0730235798642
Elevator call,2121.7440997766566,27,0,2,8
Elevator call,2125.722554471652,6,5,3,3, Done, dt, 129.27744552834793
Elevator call,2127.2639993391444,43,-7,2,6
Elevator call,2127.4749199492244,45,-6,2,6
Elevator call,2133.3244333390385,-1,-2,3,4, Done, dt, 198.67556666096152
Elevator call,2135.6745395840035,-2,-6,3,3, Done, dt, 240.32546041599653
Elevator call,2136.7615544389896,0,15,3,0, Done, dt, 558.2384455610104
Elevator call,2137.8060194331215,-1,0,3,6, Done, dt, 392.1939805668785
Elevator call,2139.1314783266334,95,-5,2,4
Elevator call,2143.5351502072103,-4,-2,3,1, Done, dt, 364.46484979278966
Elevator call,2148.2258621638084,-8,-3,3,0, Done, dt, 348.7741378361916
Elevator call,2152.5793221584954,95,-2,2,2
Elevator call,2152.9343849257,0,30,3,8, Done, dt, 707.0656150742998
Elevator call,2154.85890670182,83,-9,2,1
Elevator call,2158.3174696671417,87,70,2,0
Elevator call,2158.9878330875185,-7,-9,3,4, Done, dt, 250.01216691248146
Elevator call,2160.743535052481,14,-7,2,8
Elevator call,2169.7218238176097,-1,75,3,7, Done, dt, 1185.2781761823903
Elevator call,2172.1570754096783,-4,-8,3,1, Done, dt, 225.84292459032167
Elevator call,2174.362476072649,0,88,3,3, Done, dt, 1323.6375239273511
Elevator call,2175.0321167977663,-5,-8,3,1, Done, dt, 222.96788320223368
Elevator call,2178.249985442272,-9,55,3,7, Done, dt, 956.7500145577278
Elevator call,2191.1168722883904,-9,83,3,9, Done, dt, 1251.8831277116096
Elevator call,2192.1583630015216,-4,58,3,8, Done, dt, 975.8416369984784
Elevator call,2192.2918005664724,0,-3,3,6, Done, dt, 150.70819943352762
Elevator call,2192.3628748643637,89,-2,2,2
Elevator call,2207.1423201265857,-9,-6,3,0, Done, dt, 256.8576798734143
Elevator call,2211.8404699267353,-7,52,3,2, Done, dt, 890.1595300732647
Elevator call,2212.7000557064403,63,-7,2,0
Elevator call,2212.8581893511623,48,-9,2,5
Elevator call,2214.143365469154,72,-7,2,2
Elevator call,2214.641201327051,86,0,2,7
Elevator call,2215.3391237780143,-7,-3,3,3, Done, dt, 281.66087622198575
Elevator call,2216.2498577361944,-9,13,3,1, Done, dt, 456.7501422638056
Elevator call,2217.653227797735,57,7,2,3
Elevator call,2223.8489867178773,74,-1,2,0
Elevator call,2230.2513513793483,-8,83,3,7, Done, dt, 1212.7486486206517
Elevator call,2235.121455643965,-7,-8,3,1, Done, dt, 162.87854435603504
Elevator call,2235.942671475367,-5,95,3,8, Done, dt, 1339.0573285246328
Elevator call,2237.369156053958,0,79,3,8, Done, dt, 1161.6308439460422
Elevator call,2240.1677863649275,-5,-8,3,5, Done, dt, 157.83221363507255
Elevator call,2241.724479868636,19,0,2,0
Elevator call,2243.01531033935,-1,-5,3,7, Done, dt, 121.98468966065002
Elevator call,2246.9705000352255,-2,17,3,2, Done, dt, 470.02949996477446
Elevator call,2253.6629071038537,-4,-8,3,8, Done, dt, 144.33709289614626
Elevator call,2260.8751614789844,-9,-1,3,6, Done, dt, 258.1248385210156
Elevator call,2262.18679472014,-6,-2,3,3, Done, dt, 245.81320527986009
Elevator call,2267.104169592558,34,33,2,0
Elevator call,2267.4159770200185,-2,3,3,0, Done, dt, 295.58402297998146
Elevator call,2272.1695357719664,41,-9,2,7
Elevator call,2272.6458402771937,-3,25,3,7, Done, dt, 532.3541597228063
Elevator call,2276.4308663984903,50,-9,2,1
Elevator call,2277.6101935200572,27,-2,2,5
Elevator call,2278.214934302937,0,31,3,8, Done, dt, 592.7850656970631
Elevator call,2290.3500873992434,-8,21,3,7, Done, dt, 470.6499126007566
Elevator call,2297.982483231019,12,-8,2,2
Elevator call,2299.927902687927,75,-8,2,7
Elevator call,2307.64734645488,59,0,2,1
Elevator call,2308.1676112148825,-1,44,3,5, Done, dt, 705.8323887851175
Elevator call,2310.0984941842457,-4,-3,3,0, Done, dt, 186.90150581575426
Elevator call,2314.292218713113,-2,76,3,8, Done, dt, 1051.707781286887
Elevator call,2316.40729203778,73,-8,2,5
Elevator call,2317.4629492935333,58,-5,2,8
Elevator call,2317.5779367179503,-9,-3,3,8, Done, dt, 179.42206328204975
Elevator call,2323.829003595679,-8,-9,3,6, Done, dt, 85.17099640432116
Elevator call,2325.9786884137343,90,29,2,7
Elevator call,2327.7698028867494,44,-6,2,3
Elevator call,2332.8522210129017,-9,-8,3,0, Done, dt, 109.14777898709826
Elevator call,2334.967504962236,53,-9,2,2
Elevator call,2336.13059425422,-1,74,3,7, Done, dt, 1007.8694057457801
Elevator call,2336.8093009368176,1,-4,2,3
Elevator call,2337.185538428862,15,-6,2,3
Elevator call,2343.664106727454,41,-4,2,4
Elevator call,2347.7625395222076,0,-3,2,3
Elevator call,2353.156081388724,3,-1,2,0
Elevator call,2363.4522938789287,4,0,2,6
Elevator call,2363.785039982779,-2,84,3,1, Done, dt, 1090.214960017221
Elevator call,2370.742638632525,24,-9,2,2
Elevator call,2373.16016555462,49,-4,2,9
Elevator call,2376.94639802908,-9,17,3,1, Done, dt, 340.0536019709202
Elevator call,2376.979287988717,23,-4,2,7
Elevator call,2378.033220510763,-3,-8,2,2
Elevator call,2385.6285777163093,-8,-9,3,6, Done, dt, 23.371422283690663
Elevator call,2386.73693791466,100,-6,1,7
Elevator call,2387.607896653215,7,-6,2,7
Elevator call,2391.1316805971037,-9,89,3,6, Done, dt, 1117.8683194028963
Elevator call,2391.8199954711704,-6,49,3,2, Done, dt, 677.1800045288296
Elevator call,2392.5767042882853,-9,-4,3,9, Done, dt, 93.42329571171467
Elevator call,2395.3864884957698,74,30,2,4
Elevator call,2398.010424968684,29,-5,2,7
Elevator call,2399.5939056066227,-9,-6,3,2, Done, dt, 64.40609439337732
Elevator call,2403.1848937873547,85,-7,2,6
Elevator call,2405.6234222758103,0,-7,2,2
Elevator call,2417.032547857947,62,-4,2,4
Elevator call,2420.734173614246,-9,56,3,6, Done, dt, 725.2658263857538
Elevator call,2421.6356371206,62,-7,2,2
Elevator call,2423.8208101643286,73,13,2,2
Elevator call,2428.183952070437,-8,70,3,8, Done, dt, 871.816047929563
Elevator call,2430.5758834269127,36,-2,2,3
Elevator call,2432.8141223197017,52,-8,2,6
Elevator call,2434.8373495889828,-8,-2,3,1, Done, dt, 73.16265041101724
Elevator call,2435.151806851676,80,-2,2,5
Elevator call,2436.6560741927447,46,-2,2,4
Elevator call,2441.910351522223,68,-7,2,9
Elevator call,2445.8641265777906,-1,69,3,0, Done, dt, 843.1358734222094
Elevator call,2445.87039225254,33,18,2,1
Elevator call,2448.0685338066455,13,-4,2,3
Elevator call,2452.874477729476,59,0,2,6
Elevator call,2456.973260261876,0,17,3,3, Done, dt, 260.026739738124
Elevator call,2457.576155740021,-2,22,3,4, Done, dt, 314.423844259979
Elevator call,2457.8646562483773,-7,98,1,3
Elevator call,2461.3004643490017,13,-6,2,8
Elevator call,2466.822951540673,25,6,2,4
Elevator call,2473.8854697135853,1,-3,2,6
Elevator call,2475.845333623581,-4,0,3,9, Done, dt, 54.154666376418845
Elevator call,2482.1956124295425,-6,-9,1,1
Elevator call,2484.2542399912254,-7,11,1,9
Elevator call,2486.2379023123513,44,-4,2,8
Elevator call,2489.8168337422658,-2,0,3,4, Done, dt, 40.18316625773423
Elevator call,2491.0249394905936,-4,74,1,7
Elevator call,2499.029334540349,42,0,2,3
Elevator call,2502.5396823167835,-5,-9,1,4
Elevator call,2503.113398985367,-2,-3,2,3
Elevator call,2507.1115398963057,-2,-4,2,9
Elevator call,2508.7379639570354,0,18,3,7, Done, dt, 219.2620360429646
Elevator call,2509.342159576339,-4,0,1,6
Elevator call,2510.475848394783,-6,-7,1,8
Elevator call,2510.6199347561446,92,-3,2,2
Elevator call,2511.325148795401,25,0,2,9
Elevator call,2516.5587071039417,88,54,2,2
Elevator call,2521.467251314824,90,-6,2,9
Elevator call,2522.288873768548,33,-1,2,5
Elevator call,2523.804208025812,93,-9,2,7
Elevator call,2525.124448804789,97,-1,2,3
Elevator call,2526.940194375318,-7,0,1,3
Elevator call,2536.213859556289,-5,1,1,4
Elevator call,2538.005055785392,45,62,3,6, Done, dt, 673.994944214608
Elevator call,2540.3096897240234,-3,84,1,9
Elevator call,2564.6569491721734,13,-2,2,7
Elevator call,2567.111324488739,-2,16,1,6
Elevator call,2567.32241251879,86,-3,2,8
Elevator call,2570.877951972956,-2,-3,1,6
Elevator call,2578.016962848029,19,-3,2,9
Elevator call,2584.5364137917386,2,-7,1,7
Elevator call,2587.3575871275652,93,-9,2,3
Elevator call,2587.4879811119904,52,-5,2,8
Elevator call,2589.8502065746843,-6,16,1,0
Elevator call,2594.3254291270523,8,-8,2,8
Elevator call,2595.170283719806,100,-9,1,4
Elevator call,2596.6034245654655,-3,22,1,8
Elevator call,2599.6252264099726,62,-3,2,8
Elevator call,2606.603419101811,-8,46,1,3
Elevator call,2607.694610344135,-2,-3,1,1
Elevator call,2608.0155492730737,47,-2,2,4
Elevator call,2610.911676923555,-5,-8,1,0
Elevator call,2623.965227580937,91,0,2,2
Elevator call,2628.7369534815844,-5,-8,1,1
Elevator call,2633.525488863689,-9,0,1,4
Elevator call,2638.089055083121,-6,-8,1,5
Elevator call,2638.4484577932385,55,-1,2,9
Elevator call,2643.0110386028673,23,-9,2,0
Elevator call,2643.1701133272145,-9,100,1,6
Elevator call,2647.0288524175908,86,0,2,6
Elevator call,2649.516827960588,54,3,2,1
Elevator call,2654.456850372818,-3,82,1,7
Elevator call,2661.957770752642,61,-4,2,7
Elevator call,2668.2864798771425,49,-8,2,6
Elevator call,2668.3155206758856,0,72,1,8
Elevator call,2669.789866097713,-8,-6,1,7
Elevator call,2671.353863397592,53,89,3,7, Done, dt, 837.6461366024082
Elevator call,2673.119287093832,-7,-8,1,6
Elevator call,2674.66112997513,8,0,1,9
Elevator call,2677.378234100727,0,-9,1,2
Elevator call,2681.783484985037,70,-5,2,1
Elevator call,2691.0988199883927,82,0,2,0
Elevator call,2692.892539429552,69,-5,2,5
Elevator call,2694.518776976148,100,-3,1,7
Elevator call,2699.9098977443327,73,-4,2,2
Elevator call,2707.1722220947913,36,-6,2,6
Elevator call,2711.388104912447,96,-7,2,9
Elevator call,2712.745950838737,-6,25,1,7
Elevator call,2717.807140512761,49,-9,2,2
Elevator call,2718.9647691524524,-2,0,1,0
Elevator call,2722.1864333625886,37,-9,2,1
Elevator call,2722.2471057641396,-9,97,1,7
Elevator call,2722.430739765068,77,-2,2,1
Elevator call,2730.0840545828964,78,0,2,3
Elevator call,2739.095206387731,77,0,2,4
Elevator call,2741.936404029379,31,-6,2,3
Elevator call,2744.5615496112378,70,-9,2,9
Elevator call,2755.0727314609176,-5,-6,1,1
Elevator call,2758.2870169478206,62,0,2,8
Elevator call,2768.3422707300347,32,-7,2,9
Elevator call,2769.1413754227033,58,-7,2,6
Elevator call,2776.7846252367553,-9,-1,1,0
Elevator call,2776.811646965792,-4,24,1,0
Elevator call,2781.6075876373516,91,-4,2,2
Elevator call,2782.898895326333,54,-2,2,4
Elevator call,2785.8572292855993,66,-3,2,0
Elevator call,2788.1629169907483,95,-3,2,5
Elevator call,2789.3550274447603,86,49,2,3
Elevator call,2796.6976459162443,-6,-4,1,3
Elevator call,2798.9987980901587,62,-4,2,9
Elevator call,2806.7342035415654,95,-1,2,8
Elevator call,2807.077497319426,74,-4,2,7
Elevator call,2807.253332153313,93,-8,2,9
Elevator call,2808.961956516145,51,-1,2,5
Elevator call,2816.3373715540206,27,-4,2,6
Elevator call,2818.0068397033438,-9,64,1,0
Elevator call,2818.2113405576183,27,-7,2,6
Elevator call,2824.1045354161215,-1,-2,1,3
Elevator call,2824.3706822166123,-1,0,1,6
Elevator call,2826.5598059915874,8,-1,1,1
Elevator call,2834.803190865716,5,-4,1,7
Elevator call,2841.556710350079,79,-6,2,8
Elevator call,2845.9500835607187,-4,45,1,0
Elevator call,2846.233429346994,77,-1,2,7
Elevator call,2846.632049355112,31,-9,2,4
Elevator call,2853.890335859036,6,-3,1,3
Elevator call,2854.5613276540594,49,-1,2,6
Elevator call,2857.4171027567245,53,-5,2,6
Elevator call,2858.602270319858,-2,50,1,6
Elevator call,2868.5684273342886,-6,-8,1,7
Elevator call,2882.9425489130963,77,-2,2,1
Elevator call,2887.44957556049,-5,-2,1,6
Elevator call,2891.145499040385,84,88,3,4, Done, dt, 606.854500959615
Elevator call,2899.913121963131,75,-9,2,0
Elevator call,2901.944472745994,-6,-7,1,5
Elevator call,2908.703889833936,55,-5,2,0
Elevator call,2914.3820288033266,0,-8,1,3
Elevator call,2927.590693642819,-4,89,1,5
Elevator call,2927.754088503806,-5,0,1,6
Elevator call,2934.6859466760684,40,65,3,7, Done, dt, 310.3140533239316
Elevator call,2942.1415706075277,21,-5,1,5
Elevator call,2954.948282674925,-8,-2,1,1
Elevator call,2959.6392801165784,-9,10,1,8
Elevator call,2960.074189136456,-4,-5,1,1
Elevator call,2961.7599139761483,97,45,2,8
Elevator call,2964.503368048686,13,-3,1,2
Elevator call,2974.305118514897,53,11,2,3
Elevator call,2976.7621392213523,39,-9,1,6
Elevator call,2978.5288822701177,49,-8,2,9
Elevator call,2980.266811223981,-5,-6,1,1
Elevator call,2981.4796833107403,-8,35,1,4
Elevator call,2981.725124318695,92,-2,2,5
Elevator call,2987.412107639715,48,20,2,6
Elevator call,2992.6340188806307,40,-6,1,9
Elevator call,2997.165424448904,31,-9,1,1
Elevator call,2997.2611661226815,99,-5,1,6
Elevator call,2998.050997510175,16,48,1,6
Elevator call,2998.122052339314,73,-2,2,7
Elevator call,3001.6875405702413,25,-4,1,4
Elevator call,3005.8923836542385,59,-7,2,8
Elevator call,3006.8559193568426,-2,67,1,4
Elevator call,3017.6933386427418,100,81,1,5
Elevator call,3020.043092872206,-1,-9,1,9
Elevator call,3023.7501308215897,-7,-8,1,5
Elevator call,3026.16101962205,-6,-7,1,6
Elevator call,3030.0229935954612,67,-1,2,0
Elevator call,3034.5420253406965,-3,65,1,0
Elevator call,3034.7225340399896,77,-9,2,5
Elevator call,3035.629282630579,23,-7,1,7
Elevator call,3038.342821018123,15,70,1,1
Elevator call,3042.8540627031834,-1,0,1,3
Elevator call,3047.9099629748407,95,-9,2,0
Elevator call,3051.0178992974415,4,-2,1,9
Elevator call,3060.0920763748536,62,-5,2,1
Elevator call,3068.6336385690347,60,-5,2,1
Elevator call,3076.4816097162848,33,-5,1,0
Elevator call,3077.884651383896,100,19,1,4
Elevator call,3078.179634256725,59,-8,2,5
Elevator call,3088.377664331474,-6,-8,1,7
Elevator call,3096.4452254507632,-7,-8,1,3
Elevator call,3098.3316841123237,51,-3,1,0
Elevator call,3099.7682760138814,44,-1,1,3
Elevator call,3103.8642646682715,-3,-7,1,9
Elevator call,3104.655653936872,33,-8,1,9
Elevator call,3109.610093847278,30,-6,1,7
Elevator call,3112.4742275674935,-1,55,1,9
Elevator call,3115.260315105944,-4,-2,1,3
Elevator call,3115.687091493136,33,-7,1,3
Elevator call,3125.7917983718207,70,-4,2,0
Elevator call,3132.6661514417556,-4,-8,1,1
Elevator call,3155.875938540825,48,-1,1,4
Elevator call,3158.0517587929876,-9,-7,1,7
Elevator call,3161.199672299166,34,-9,1,9
Elevator call,3163.6429496330984,76,-3,2,2
Elevator call,3168.2454327059922,93,-5,2,3
Elevator call,3171.8599779654915,14,-8,1,9
Elevator call,3175.5118194109323,92,-1,2,1
Elevator call,3178.74426180716,47,-3,1,7
Elevator call,3179.2448105415506,-4,-5,1,7
Elevator call,3180.658390392281,-5,-6,1,7
Elevator call,3181.4437039713866,-6,-7,1,4
Elevator call,3181.688649894401,56,-2,1,0
Elevator call,3189.807491007807,39,-9,1,5
Elevator call,3192.431488413434,42,50,1,2
Elevator call,3192.9035075796933,-9,-3,1,5
Elevator call,3193.2930714581894,98,0,1,9
Elevator call,3194.768298846198,19,-5,1,4
Elevator call,3194.7917996620163,95,-5,2,4
Elevator call,3200.5302633762726,71,-1,2,3
Elevator call,3201.325155510777,0,-3,1,9
Elevator call,3202.693894365714,39,1,1,5
Elevator call,3209.986092756359,59,-9,1,2
Elevator call,3210.7127794511453,30,-3,1,3
Elevator call,3210.78747930172,-5,-9,1,2
Elevator call,3212.3126188586666,-5,-7,1,0
Elevator call,3212.6633913269834,53,-6,1,4
Elevator call,3218.284879495336,-6,0,1,1
Elevator call,3218.5336700123858,90,-7,2,5
Elevator call,3219.6888161153843,8,-6,1,8
Elevator call,3223.8192711225843,49,-3,1,0
Elevator call,3226.0730188776465,31,-9,1,4
Elevator call,3226.304673460496,80,-1,2,3
Elevator call,3227.2374361139846,28,-1,1,3
Elevator call,3233.259244460794,92,-2,2,0
Elevator call,3234.047912053704,95,-7,2,1
Elevator call,3241.4276323810345,1,-9,1,9
Elevator call,3241.4678655400558,97,-1,2,0
Elevator call,3244.836670198264,-3,17,1,7
Elevator call,3265.7928399059965,72,-6,2,0
Elevator call,3278.9283272900793,22,59,1,6
Elevator call,3279.38062775093,-7,0,1,6
Elevator call,3282.115805048996,95,0,2,7
Elevator call,3285.619072290181,24,-4,1,5
Elevator call,3299.5125897052194,74,12,2,8
Elevator call,3301.5207820770293,0,-4,1,1
Elevator call,3304.993510016222,95,0,2,8
Elevator call,3308.0352073033005,77,-2,2,0
Elevator call,3316.4281389159414,89,-8,2,5
Elevator call,3340.1674050286056,21,-2,1,2
Elevator call,3347.218750691439,63,-8,1,5
Elevator call,3350.895634943573,34,-3,1,3
Elevator call,3357.900656490786,-5,-8,1,0
Elevator call,3359.437459204804,6,-1,1,6
Elevator call,3360.435945454844,74,34,1,1
Elevator call,3363.386012108891,47,-9,1,1
Elevator call,3364.518234454332,61,-4,1,6
Elevator call,3366.9403906967073,-8,54,1,1
Elevator call,3373.0148151615467,39,0,1,7
Elevator call,3385.236027540336,0,-2,1,5
Elevator call,3396.63492136233,16,-4,1,6
Elevator call,3397.364157627234,67,-8,1,7
Elevator call,3406.3730126641044,15,0,1,4
Elevator call,3407.6938356429073,7,-7,1,3
Elevator call,3410.9839116431385,1,0,1,4
Elevator call,3413.7028999166096,-4,-9,1,8
Elevator call,3414.4050158966493,47,-1,1,3
Elevator call,3414.97575325768,48,-1,1,9
Elevator call,3418.18804908714,3,-3,1,7
Elevator call,3419.500235289315,-5,-1,1,6
Elevator call,3419.888829856991,76,-7,1,8
Elevator call,3439.8006026687117,100,-4,1,0
Elevator call,3445.3315590257907,54,-6,1,4
Elevator call,3450.797598520454,95,0,2,7
Elevator call,3457.4418831866315,20,-1,1,0
Elevator call,3465.60821407631,11,-9,1,8
Elevator call,3475.950401903433,27,-6,1,1
Elevator call,3477.8126753710967,27,-7,1,1
Elevator call,3480.369593182847,93,85,2,7
Elevator call,3487.570154807464,-1,0,1,4
Elevator call,3488.4426678668215,66,-4,1,3
Elevator call,3492.398308902597,-7,-5,1,6
Elevator call,3494.0072968222057,30,-9,1,1
Elevator call,3498.3365426072523,65,-6,1,9
Elevator call,3499.6184410710457,71,55,1,0
Elevator call,3502.7762158236474,42,-6,1,9
Elevator call,3503.6291517935006,68,0,1,9
Elevator call,3505.473737103803,-7,-3,1,1
Elevator call,3519.067407852869,19,16,1,6
Elevator call,3525.936132075466,-4,-2,1,2
Elevator call,3528.256459821987,-5,-8,1,7
Elevator call,3530.5956040508026,81,-6,1,8
Elevator call,3538.1250440646318,97,-2,2,2
Elevator call,3542.343160762149,0,-5,1,0
Elevator call,3550.6846852607705,66,-4,1,8
Elevator call,3556.8496993385816,25,0,1,9
Elevator call,3566.2371973373392,-1,0,1,0
Elevator call,3566.5273422617847,46,-1,1,4
Elevator call,3573.7583177403176,20,-4,1,2
Elevator call,3581.790244814656,86,-5,1,6
Elevator call,3588.0522853834555,-4,-7,1,3
Elevator call,3598.719509318126,29,-7,1,0
Elevator call,3599.437366114737,86,-3,0,-1
